{
    "loss": 0.20111753046512604,
    "accuracy": 0.9224137663841248
}