{
    "loss": 0.22252856194972992,
    "accuracy": 0.9137930870056152
}